<?xml version="1.0" encoding="UTF-8"?>
<vcs-root xmlns:xsi="http://www.w3.org/2001/XMLSchema-instance" uuid="fc2ff1a5-d896-47c7-b5b3-af7c8e1df491" type="jetbrains.git" xsi:noNamespaceSchemaLocation="http://www.jetbrains.com/teamcity/schemas/2018.1/project-config.xsd">
  <name>pylint_test-PRs</name>
  <param name="agentCleanFilesPolicy" value="ALL_UNTRACKED" />
  <param name="agentCleanPolicy" value="ON_BRANCH_CHANGE" />
  <param name="authMethod" value="PASSWORD" />
  <param name="branch" value="master" />
  <param name="ignoreKnownHosts" value="true" />
  <param name="secure:password" value="zxxd79faf1b122012a559922a49c91f7224" />
  <param name="submoduleCheckout" value="CHECKOUT" />
  <param name="url" value="https://github.com/androidkh/pylint_test" />
  <param name="useAlternates" value="true" />
  <param name="username" value="androidkh" />
  <param name="usernameStyle" value="USERID" />
</vcs-root>

