<?xml version="1.0" encoding="UTF-8"?>
<build-type xmlns:xsi="http://www.w3.org/2001/XMLSchema-instance" uuid="db60019c-dbc8-43e7-9cb4-ed93e71551ee" xsi:noNamespaceSchemaLocation="http://www.jetbrains.com/teamcity/schemas/2018.1/project-config.xsd">
  <name>Build</name>
  <description />
  <settings>
    <options>
      <option name="cleanBuild" value="true" />
    </options>
    <parameters>
      <param name="ACCESS_TOKEN" value="5147e645231a393401d3a43d763e5cda1c3f6942" />
    </parameters>
    <build-runners>
      <runner id="RUNNER_2" name="PYLint" type="simpleRunner">
        <parameters>
          <param name="script.content"><![CDATA[#!/bin/bash

echo "%teamcity.build.branch%" 
pr=`echo "%teamcity.build.branch%" | sed 's/.*\///'`
url=`echo %vcsroot.url% | sed 's/github.com/api.github.com\/repos/'`

echo > output.tmp
exit_code=0

shopt -s nullglob

for file in *.py
do
echo "Checking $file"
pylint -f parseable $file >> output.tmp
exit_code=$((exit_code+$?))
done

if [ -s output.tmp ]
then
#output=`cat output.tmp | sed 's/\\\/\\\\\\\\\\\\\\\\\\\\\\\\\\\/g' | sed 's/$/\\\\\\\\n/g' | sed 's/"/\\\\\\\\\\"/g' | sed 's/*/\\\\\\\\\\\\*/g' | sed 's/#/\\\\\\\\\\\\#/g' `  <--sh
 output=`cat output.tmp | sed 's/\\\/\\\\\\\\\\\\\\\\/g' | sed 's/$/\\\\n/g' | sed 's/"/\\\\\\"/g' | sed 's/*/\\\\\\\\*/g' | sed 's/#/\\\\\\\\#/g' `
 
else
output='No files to check'
fi

echo "Output:'$output'"

echo "URL: $url/issues/$pr/comments"
curl -s -H "Authorization: token %ACCESS_TOKEN%" \
 -X POST -d "{\"body\": \"`echo $output`\"}" \
 "$url/issues/$pr/comments"


if [ "$exit_code" -gt "0" ]; then 
echo "Pylint issues detected"
cat output.tmp
exit 1
fi]]></param>
          <param name="teamcity.step.mode" value="default" />
          <param name="use.custom.script" value="true" />
        </parameters>
      </runner>
    </build-runners>
    <vcs-settings>
      <vcs-entry-ref root-id="Hometask_HttpsGithubComAndroidkhHometaskRefsHeadsMaster1" />
    </vcs-settings>
    <requirements />
    <build-triggers>
      <build-trigger id="vcsTrigger" type="vcsTrigger">
        <parameters>
          <param name="quietPeriodMode" value="DO_NOT_USE" />
        </parameters>
      </build-trigger>
    </build-triggers>
    <build-extensions>
      <extension id="BUILD_EXT_3" type="pullRequests">
        <parameters>
          <param name="authenticationType" value="vcsRoot" />
          <param name="filterAuthorRole" value="EVERYBODY" />
          <param name="filterTargetBranch" value="refs/heads/master" />
          <param name="providerType" value="github" />
          <param name="vcsRootId" value="Hometask_HttpsGithubComAndroidkhHometaskRefsHeadsMaster1" />
        </parameters>
      </extension>
      <extension id="BUILD_EXT_4" type="commit-status-publisher">
        <parameters>
          <param name="github_authentication_type" value="password" />
          <param name="github_host" value="https://api.github.com" />
          <param name="github_username" value="androidkh" />
          <param name="publisherId" value="githubStatusPublisher" />
          <param name="secure:github_password" value="zxxd79faf1b122012a559922a49c91f7224" />
        </parameters>
      </extension>
    </build-extensions>
    <cleanup />
  </settings>
</build-type>

